Workbook

Sheet Raw_La_Liga data
A1: Temporada | B1: Jornada | C1: Fecha | D1: Hora | E1: Equipo Local | F1: Equipo Visitante | G1: Resultado | H1: Arbitro
A2: 2013-14 | B2: 1 | C2: SAB 17.08.2013 | D2: 0.79166667 | E2: Real Sociedad | F2: Getafe CF | G2: 2-0 | H2: -
A3: 2013-14 | B3: 1 | C3: SAB 17.08.2013 | D3: 0.875 | E3: Real Valladolid CF | F3: Athletic Club | G3: 46054 | H3: -
A4: 2013-14 | B4: 1 | C4: SAB 17.08.2013 | D4: 0.95833333 | E4: Valencia CF | F4: MÃ¡laga CF | G4: 1-0 | H4: -
A5: 2013-14 | B5: 1 | C5: DOM 18.08.2013 | D5: 0.79166667 | E5: FC Barcelona | F5: Levante UD | G5: 7-0 | H5: -
A6: 2013-14 | B6: 1 | C6: DOM 18.08.2013 | D6: 0.875 | E6: CA Osasuna | F6: Granada CF | G6: 46054 | H6: -
A7: 2013-14 | B7: 1 | C7: DOM 18.08.2013 | D7: 0.875 | E7: Real Madrid | F7: Real Betis | G7: 46024 | H7: -
A8: 2013-14 | B8: 1 | C8: DOM 18.08.2013 | D8: 0.95833333 | E8: Sevilla FC | F8: AtlÃ©tico de Madrid | G8: 46082 | H8: -
A9: 2013-14 | B9: 1 | C9: LUN 19.08.2013 | D9: 0.83333333 | E9: Rayo Vallecano | F9: Elche CF | G9: 3-0 | H9: -
A10: 2013-14 | B10: 1 | C10: LUN 19.08.2013 | D10: 0.91666667 | E10: UD AlmerÃ­a | F10: Villarreal CF | G10: 46083 | H10: -
A11: 2013-14 | B11: 1 | C11: LUN 19.08.2013 | D11: 0.91666667 | E11: RC Celta | F11: RCD Espanyol de Barcelona | G11: 46055 | H11: -
A12: 2013-14 | B12: 2 | C12: VIE 23.08.2013 | D12: 0.83333333 | E12: Getafe CF | F12: UD AlmerÃ­a | G12: 46055 | H12: -
A13: 2013-14 | B13: 2 | C13: VIE 23.08.2013 | D13: 0.91666667 | E13: Athletic Club | F13: CA Osasuna | G13: 2-0 | H13: -
A14: 2013-14 | B14: 2 | C14: SAB 24.08.2013 | D14: 0.79166667 | E14: Elche CF | F14: Real Sociedad | G14: 46023 | H14: -
A15: 2013-14 | B15: 2 | C15: SAB 24.08.2013 | D15: 0.875 | E15: RCD Espanyol de Barcelona | F15: Valencia CF | G15: 46025 | H15: -
A16: 2013-14 | B16: 2 | C16: SAB 24.08.2013 | D16: 0.95833333 | E16: Villarreal CF | F16: Real Valladolid CF | G16: 46024 | H16: -
A17: 2013-14 | B17: 2 | C17: DOM 25.08.2013 | D17: 0.79166667 | E17: AtlÃ©tico de Madrid | F17: Rayo Vallecano | G17: 5-0 | H17: -
A18: 2013-14 | B18: 2 | C18: DOM 25.08.2013 | D18: 0.875 | E18: Levante UD | F18: Sevilla FC | G18: 0-0 | H18: -
A19: 2013-14 | B19: 2 | C19: DOM 25.08.2013 | D19: 0.875 | E19: MÃ¡laga CF | F19: FC Barcelona | G19: 0-1 | H19: -
A20: 2013-14 | B20: 2 | C20: DOM 25.08.2013 | D20: 0.95833333 | E20: Real Betis | F20: RC Celta | G20: 46054 | H20: -
A21: 2013-14 | B21: 2 | C21: LUN 26.08.2013 | D21: 0.875 | E21: Granada CF | F21: Real Madrid | G21: 0-1 | H21: -
A22: 2013-14 | B22: 3 | C22: VIE 30.08.2013 | D22: 0.95833333 | E22: UD AlmerÃ­a | F22: Elche CF | G22: 46055 | H22: -
A23: 2013-14 | B23: 3 | C23: VIE 30.08.2013 | D23: 0.95833333 | E23: Rayo Vallecano | F23: Levante UD | G23: 46054 | H23: -
A24: 2013-14 | B24: 3 | C24: SAB 31.08.2013 | D24: 0.79166667 | E24: RC Celta | F24: Granada CF | G24: 46023 | H24: -
A25: 2013-14 | B25: 3 | C25: SAB 31.08.2013 | D25: 0.875 | E25: Real Valladolid CF | F25: Getafe CF | G25: 1-0 | H25: -
A26: 2013-14 | B26: 3 | C26: SAB 31.08.2013 | D26: 0.95833333 | E26: CA Osasuna | F26: Villarreal CF | G26: 0-3 | H26: -
A27: 2013-14 | B27: 3 | C27: DOM 01.09.2013 | D27: 0.5 | E27: Real Madrid | F27: Athletic Club | G27: 46025 | H27: -
A28: 2013-14 | B28: 3 | C28: DOM 01.09.2013 | D28: 0.70833333 | E28: RCD Espanyol de Barcelona | F28: Real Betis | G28: 0-0 | H28: -
A29: 2013-14 | B29: 3 | C29: DOM 01.09.2013 | D29: 0.79166667 | E29: Real Sociedad | F29: AtlÃ©tico de Madrid | G29: 46054 | H29: -
A30: 2013-14 | B30: 3 | C30: DOM 01.09.2013 | D30: 0.875 | E30: Sevilla FC | F30: MÃ¡laga CF | G30: 46055 | H30: -
A31: 2013-14 | B31: 3 | C31: DOM 01.09.2013 | D31: 0.875 | E31: Valencia CF | F31: FC Barcelona | G31: 46083 | H31: -
A32: 2013-14 | B32: 4 | C32: SAB 14.09.2013 | D32: 0.66666667 | E32: AtlÃ©tico de Madrid | F32: UD AlmerÃ­a | G32: 46057 | H32: -
A33: 2013-14 | B33: 4 | C33: SAB 14.09.2013 | D33: 0.75 | E33: Levante UD | F33: Real Sociedad | G33: 0-0 | H33: -
A34: 2013-14 | B34: 4 | C34: SAB 14.09.2013 | D34: 0.83333333 | E34: FC Barcelona | F34: Sevilla FC | G34: 46056 | H34: -
A35: 2013-14 | B35: 4 | C35: SAB 14.09.2013 | D35: 0.91666667 | E35: Villarreal CF | F35: Real Madrid | G35: 46055 | H35: -
A36: 2013-14 | B36: 4 | C36: DOM 15.09.2013 | D36: 0.5 | E36: Granada CF | F36: RCD Espanyol de Barcelona | G36: 0-1 | H36: -
A37: 2013-14 | B37: 4 | C37: DOM 15.09.2013 | D37: 0.70833333 | E37: Getafe CF | F37: CA Osasuna | G37: 46024 | H37: -
A38: 2013-14 | B38: 4 | C38: DOM 15.09.2013 | D38: 0.79166667 | E38: MÃ¡laga CF | F38: Rayo Vallecano | G38: 5-0 | H38: -
A39: 2013-14 | B39: 4 | C39: DOM 15.09.2013 | D39: 0.875 | E39: Real Betis | F39: Valencia CF | G39: 46025 | H39: -
A40: 2013-14 | B40: 4 | C40: LUN 16.09.2013 | D40: 0.83333333 | E40: Elche CF | F40: Real Valladolid CF | G40: 0-0 | H40: -
A41: 2013-14 | B41: 4 | C41: LUN 16.09.2013 | D41: 0.91666667 | E41: Athletic Club | F41: RC Celta | G41: 46056 | H41: -
A42: 2013-14 | B42: 5 | C42: VIE 20.09.2013 | D42: 0.875 | E42: CA Osasuna | F42: Elche CF | G42: 46024 | H42: -
A43: 2013-14 | B43: 5 | C43: SAB 21.09.2013 | D43: 0.66666667 | E43: Real Sociedad | F43: MÃ¡laga CF | G43: 0-0 | H43: -
A44: 2013-14 | B44: 5 | C44: SAB 21.09.2013 | D44: 0.75 | E44: UD AlmerÃ­a | F44: Levante UD | G44: 46055 | H44: -
A45: 2013-14 | B45: 5 | C45: SAB 21.09.2013 | D45: 0.83333333 | E45: Rayo Vallecano | F45: FC Barcelona | G45: 0-4 | H45: -
A46: 2013-14 | B46: 5 | C46: SAB 21.09.2013 | D46: 0.91666667 | E46: Real Valladolid CF | F46: AtlÃ©tico de Madrid | G46: 0-2 | H46: -
A47: 2013-14 | B47: 5 | C47: DOM 22.09.2013 | D47: 0.5 | E47: Real Betis | F47: Granada CF | G47: 0-0 | H47: -
A48: 2013-14 | B48: 5 | C48: DOM 22.09.2013 | D48: 0.70833333 | E48: RC Celta | F48: Villarreal CF | G48: 0-0 | H48: -
A49: 2013-14 | B49: 5 | C49: DOM 22.09.2013 | D49: 0.79166667 | E49: Real Madrid | F49: Getafe CF | G49: 46026 | H49: -
A50: 2013-14 | B50: 5 | C50: DOM 22.09.2013 | D50: 0.875 | E50: Valencia CF | F50: Sevilla FC | G50: 46025 | H50: -
A51: 2013-14 | B51: 5 | C51: LUN 23.09.2013 | D51: 0.91666667 | E51: RCD Espanyol de Barcelona | F51: Athletic Club | G51: 46056 | H51: -
A52: 2013-14 | B52: 6 | C52: MAR 24.09.2013 | D52: 0.83333333 | E52: FC Barcelona | F52: Real Sociedad | G52: 46026 | H52: -
A53: 2013-14 | B53: 6 | C53: MAR 24.09.2013 | D53: 0.83333333 | E53: Levante UD | F53: Real Valladolid CF | G53: 46023 | H53: -
A54: 2013-14 | B54: 6 | C54: MAR 24.09.2013 | D54: 0.91666667 | E54: AtlÃ©tico de Madrid | F54: CA Osasuna | G54: 46024 | H54: -
A55: 2013-14 | B55: 6 | C55: MAR 24.09.2013 | D55: 0.91666667 | E55: MÃ¡laga CF | F55: UD AlmerÃ­a | G55: 2-0 | H55: -
A56: 2013-14 | B56: 6 | C56: MIE 25.09.2013 | D56: 0.83333333 | E56: Granada CF | F56: Valencia CF | G56: 0-1 | H56: -
A57: 2013-14 | B57: 6 | C57: MIE 25.09.2013 | D57: 0.83333333 | E57: Sevilla FC | F57: Rayo Vallecano | G57: 46026 | H57: -
A58: 2013-14 | B58: 6 | C58: MIE 25.09.2013 | D58: 0.91666667 | E58: Elche CF | F58: Real Madrid | G58: 46054 | H58: -
A59: 2013-14 | B59: 6 | C59: JUE 26.09.2013 | D59: 0.83333333 | E59: Athletic Club | F59: Real Betis | G59: 46024 | H59: -
A60: 2013-14 | B60: 6 | C60: JUE 26.09.2013 | D60: 0.91666667 | E60: Getafe CF | F60: RC Celta | G60: 2-0 | H60: -
A61: 2013-14 | B61: 6 | C61: JUE 26.09.2013 | D61: 0.91666667 | E61: Villarreal CF | F61: RCD Espanyol de Barcelona | G61: 46024 | H61: -
A62: 2013-14 | B62: 7 | C62: VIE 27.09.2013 | D62: 0.875 | E62: Real Valladolid CF | F62: MÃ¡laga CF | G62: 46055 | H62: -
A63: 2013-14 | B63: 7 | C63: SAB 28.09.2013 | D63: 0.66666667 | E63: Valencia CF | F63: Rayo Vallecano | G63: 1-0 | H63: -
A64: 2013-14 | B64: 7 | C64: SAB 28.09.2013 | D64: 0.75 | E64: UD AlmerÃ­a | F64: FC Barcelona | G64: 0-2 | H64: -
A65: 2013-14 | B65: 7 | C65: SAB 28.09.2013 | D65: 0.83333333 | E65: Real Sociedad | F65: Sevilla FC | G65: 46023 | H65: -
A66: 2013-14 | B66: 7 | C66: SAB 28.09.2013 | D66: 0.91666667 | E66: Real Madrid | F66: AtlÃ©tico de Madrid | G66: 0-1 | H66: -
A67: 2013-14 | B67: 7 | C67: DOM 29.09.2013 | D67: 0.5 | E67: CA Osasuna | F67: Levante UD | G67: 0-1 | H67: -
A68: 2013-14 | B68: 7 | C68: DOM 29.09.2013 | D68: 0.70833333 | E68: RC Celta | F68: Elche CF | G68: 0-1 | H68: -
A69: 2013-14 | B69: 7 | C69: DOM 29.09.2013 | D69: 0.79166667 | E69: RCD Espanyol de Barcelona | F69: Getafe CF | G69: 0-2 | H69: -
A70: 2013-14 | B70: 7 | C70: DOM 29.09.2013 | D70: 0.875 | E70: Real Betis | F70: Villarreal CF | G70: 1-0 | H70: -
A71: 2013-14 | B71: 7 | C71: LUN 30.09.2013 | D71: 0.91666667 | E71: Granada CF | F71: Athletic Club | G71: 2-0 | H71: -
A72: 2013-14 | B72: 8 | C72: VIE 04.10.2013 | D72: 0.83333333 | E72: Villarreal CF | F72: Granada CF | G72: 3-0 | H72: -
A73: 2013-14 | B73: 8 | C73: VIE 04.10.2013 | D73: 0.91666667 | E73: MÃ¡laga CF | F73: CA Osasuna | G73: 0-1 | H73: -
A74: 2013-14 | B74: 8 | C74: SAB 05.10.2013 | D74: 0.66666667 | E74: Elche CF | F74: RCD Espanyol de Barcelona | G74: 46024 | H74: -
A75: 2013-14 | B75: 8 | C75: SAB 05.10.2013 | D75: 0.75 | E75: Rayo Vallecano | F75: Real Sociedad | G75: 1-0 | H75: -
A76: 2013-14 | B76: 8 | C76: SAB 05.10.2013 | D76: 0.83333333 | E76: Levante UD | F76: Real Madrid | G76: 46083 | H76: -
A77: 2013-14 | B77: 8 | C77: SAB 05.10.2013 | D77: 0.91666667 | E77: FC Barcelona | F77: Real Valladolid CF | G77: 46026 | H77: -
A78: 2013-14 | B78: 8 | C78: DOM 06.10.2013 | D78: 0.5 | E78: AtlÃ©tico de Madrid | F78: RC Celta | G78: 46024 | H78: -
A79: 2013-14 | B79: 8 | C79: DOM 06.10.2013 | D79: 0.70833333 | E79: Sevilla FC | F79: UD AlmerÃ­a | G79: 46024 | H79: -
A80: 2013-14 | B80: 8 | C80: DOM 06.10.2013 | D80: 0.79166667 | E80: Getafe CF | F80: Real Betis | G80: 46025 | H80: -
A81: 2013-14 | B81: 8 | C81: DOM 06.10.2013 | D81: 0.875 | E81: Athletic Club | F81: Valencia CF | G81: 46023 | H81: -
A82: 2013-14 | B82: 9 | C82: SAB 19.10.2013 | D82: 0.66666667 | E82: Real Madrid | F82: MÃ¡laga CF | G82: 2-0 | H82: -
A83: 2013-14 | B83: 9 | C83: SAB 19.10.2013 | D83: 0.75 | E83: Valencia CF | F83: Real Sociedad | G83: 46054 | H83: -
A84: 2013-14 | B84: 9 | C84: SAB 19.10.2013 | D84: 0.83333333 | E84: CA Osasuna | F84: FC Barcelona | G84: 0-0 | H84: -
A85: 2013-14 | B85: 9 | C85: SAB 19.10.2013 | D85: 0.91666667 | E85: RCD Espanyol de Barcelona | F85: AtlÃ©tico de Madrid | G85: 1-0 | H85: -
A86: 2013-14 | B86: 9 | C86: DOM 20.10.2013 | D86: 0.5 | E86: Granada CF | F86: Getafe CF | G86: 0-2 | H86: -
A87: 2013-14 | B87: 9 | C87: DOM 20.10.2013 | D87: 0.70833333 | E87: UD AlmerÃ­a | F87: Rayo Vallecano | G87: 0-1 | H87: -
A88: 2013-14 | B88: 9 | C88: DOM 20.10.2013 | D88: 0.79166667 | E88: Real Betis | F88: Elche CF | G88: 46054 | H88: -
A89: 2013-14 | B89: 9 | C89: DOM 20.10.2013 | D89: 0.875 | E89: Real Valladolid CF | F89: Sevilla FC | G89: 46055 | H89: -
A90: 2013-14 | B90: 9 | C90: LUN 21.10.2013 | D90: 0.83333333 | E90: RC Celta | F90: Levante UD | G90: 0-1 | H90: -
A91: 2013-14 | B91: 9 | C91: LUN 21.10.2013 | D91: 0.91666667 | E91: Athletic Club | F91: Villarreal CF | G91: 2-0 | H91: -
A92: 2013-14 | B92: 10 | C92: VIE 25.10.2013 | D92: 0.875 | E92: Rayo Vallecano | F92: Real Valladolid CF | G92: 0-3 | H92: -
A93: 2013-14 | B93: 10 | C93: SAB 26.10.2013 | D93: 0.66666667 | E93: MÃ¡laga CF | F93: RC Celta | G93: 0-5 | H93: -
A94: 2013-14 | B94: 10 | C94: SAB 26.10.2013 | D94: 0.75 | E94: FC Barcelona | F94: Real Madrid | G94: 46024 | H94: Alberto Undiano Mallenco
A95: 2013-14 | B95: 10 | C95: SAB 26.10.2013 | D95: 0.83333333 | E95: Elche CF | F95: Granada CF | G95: 0-1 | H95: -
A96: 2013-14 | B96: 10 | C96: SAB 26.10.2013 | D96: 0.91666667 | E96: Levante UD | F96: RCD Espanyol de Barcelona | G96: 3-0 | H96: -
A97: 2013-14 | B97: 10 | C97: DOM 27.10.2013 | D97: 0.5 | E97: Sevilla FC | F97: CA Osasuna | G97: 46024 | H97: -
A98: 2013-14 | B98: 10 | C98: DOM 27.10.2013 | D98: 0.70833333 | E98: Villarreal CF | F98: Valencia CF | G98: 46026 | H98: -
A99: 2013-14 | B99: 10 | C99: DOM 27.10.2013 | D99: 0.79166667 | E99: Real Sociedad | F99: UD AlmerÃ­a | G99: 3-0 | H99: -
A100: 2013-14 | B100: 10 | C100: DOM 27.10.2013 | D100: 0.875 | E100: AtlÃ©tico de Madrid | F100: Real Betis | G100: 5-0 | H100: -
...

Sheet Cleaned_Liga_Data
A1: Season | B1: Match_Day | C1: Match_Date | D1: Match_Date_Clean | E1: Match_Time | F1: Home_Team | G1: Away_team | H1: Resultado | I1: Final_Score_Clean | J1: Home_Team_Goal | K1: Away_Team_Goal | L1: Winner | M1: Leauge Winner
A2: 2013-14 | B2: 1 | C2: SAB 17.08.2013 | D2: =RIGHT(C2,10) -> 17.08.2013 | E2: 0.79166667 | F2: Real Sociedad | G2: Getafe CF | H2: 2-0 | I2: =IF(ISNUMBER(SEARCH("-",H2)),H2,"") -> 2-0 | J2: =IF(I2="","",LEFT(I2,FIND("-",I2)-1)) -> 2 | K2: =IF(I2="","",RIGHT(I2,LEN(I2)-FIND("-",I2))) -> 0 | L2: =IF(I2="","",IF(J2>K2,F2,IF(K2>J2,G2,"Draw"))) -> Real Sociedad | M2: =IF(COUNTIF($A$2:A2,A2)=1, VLOOKUP(A2,Season_Winners!A:B,2,FALSE), "") -> Atlético de Madrid
A3: 2013-14 | B3: 1 | C3: SAB 17.08.2013 | D3: =RIGHT(C3,10) -> 17.08.2013 | E3: 0.875 | F3: Real Valladolid CF | G3: Athletic Club | H3: 46054 | I3: =IF(ISNUMBER(SEARCH("-",H3)),H3,"") | J3: =IF(I3="","",LEFT(I3,FIND("-",I3)-1)) | K3: =IF(I3="","",RIGHT(I3,LEN(I3)-FIND("-",I3))) | L3: =IF(I3="","",IF(J3>K3,F3,IF(K3>J3,G3,"Draw"))) | M3: =IF(COUNTIF($A$2:A3,A3)=1, VLOOKUP(A3,Season_Winners!A:B,2,FALSE), "")
A4: 2013-14 | B4: 1 | C4: SAB 17.08.2013 | D4: =RIGHT(C4,10) -> 17.08.2013 | E4: 0.95833333 | F4: Valencia CF | G4: MÃ¡laga CF | H4: 1-0 | I4: =IF(ISNUMBER(SEARCH("-",H4)),H4,"") -> 1-0 | J4: =IF(I4="","",LEFT(I4,FIND("-",I4)-1)) -> 1 | K4: =IF(I4="","",RIGHT(I4,LEN(I4)-FIND("-",I4))) -> 0 | L4: =IF(I4="","",IF(J4>K4,F4,IF(K4>J4,G4,"Draw"))) -> Valencia CF | M4: =IF(COUNTIF($A$2:A4,A4)=1, VLOOKUP(A4,Season_Winners!A:B,2,FALSE), "")
A5: 2013-14 | B5: 1 | C5: DOM 18.08.2013 | D5: =RIGHT(C5,10) -> 18.08.2013 | E5: 0.79166667 | F5: FC Barcelona | G5: Levante UD | H5: 7-0 | I5: =IF(ISNUMBER(SEARCH("-",H5)),H5,"") -> 7-0 | J5: =IF(I5="","",LEFT(I5,FIND("-",I5)-1)) -> 7 | K5: =IF(I5="","",RIGHT(I5,LEN(I5)-FIND("-",I5))) -> 0 | L5: =IF(I5="","",IF(J5>K5,F5,IF(K5>J5,G5,"Draw"))) -> FC Barcelona | M5: =IF(COUNTIF($A$2:A5,A5)=1, VLOOKUP(A5,Season_Winners!A:B,2,FALSE), "")
A6: 2013-14 | B6: 1 | C6: DOM 18.08.2013 | D6: =RIGHT(C6,10) -> 18.08.2013 | E6: 0.875 | F6: CA Osasuna | G6: Granada CF | H6: 46054 | I6: =IF(ISNUMBER(SEARCH("-",H6)),H6,"") | J6: =IF(I6="","",LEFT(I6,FIND("-",I6)-1)) | K6: =IF(I6="","",RIGHT(I6,LEN(I6)-FIND("-",I6))) | L6: =IF(I6="","",IF(J6>K6,F6,IF(K6>J6,G6,"Draw"))) | M6: =IF(COUNTIF($A$2:A6,A6)=1, VLOOKUP(A6,Season_Winners!A:B,2,FALSE), "")
A7: 2013-14 | B7: 1 | C7: DOM 18.08.2013 | D7: =RIGHT(C7,10) -> 18.08.2013 | E7: 0.875 | F7: Real Madrid | G7: Real Betis | H7: 46024 | I7: =IF(ISNUMBER(SEARCH("-",H7)),H7,"") | J7: =IF(I7="","",LEFT(I7,FIND("-",I7)-1)) | K7: =IF(I7="","",RIGHT(I7,LEN(I7)-FIND("-",I7))) | L7: =IF(I7="","",IF(J7>K7,F7,IF(K7>J7,G7,"Draw"))) | M7: =IF(COUNTIF($A$2:A7,A7)=1, VLOOKUP(A7,Season_Winners!A:B,2,FALSE), "")
A8: 2013-14 | B8: 1 | C8: DOM 18.08.2013 | D8: =RIGHT(C8,10) -> 18.08.2013 | E8: 0.95833333 | F8: Sevilla FC | G8: AtlÃ©tico de Madrid | H8: 46082 | I8: =IF(ISNUMBER(SEARCH("-",H8)),H8,"") | J8: =IF(I8="","",LEFT(I8,FIND("-",I8)-1)) | K8: =IF(I8="","",RIGHT(I8,LEN(I8)-FIND("-",I8))) | L8: =IF(I8="","",IF(J8>K8,F8,IF(K8>J8,G8,"Draw"))) | M8: =IF(COUNTIF($A$2:A8,A8)=1, VLOOKUP(A8,Season_Winners!A:B,2,FALSE), "")
A9: 2013-14 | B9: 1 | C9: LUN 19.08.2013 | D9: =RIGHT(C9,10) -> 19.08.2013 | E9: 0.83333333 | F9: Rayo Vallecano | G9: Elche CF | H9: 3-0 | I9: =IF(ISNUMBER(SEARCH("-",H9)),H9,"") -> 3-0 | J9: =IF(I9="","",LEFT(I9,FIND("-",I9)-1)) -> 3 | K9: =IF(I9="","",RIGHT(I9,LEN(I9)-FIND("-",I9))) -> 0 | L9: =IF(I9="","",IF(J9>K9,F9,IF(K9>J9,G9,"Draw"))) -> Rayo Vallecano | M9: =IF(COUNTIF($A$2:A9,A9)=1, VLOOKUP(A9,Season_Winners!A:B,2,FALSE), "")
A10: 2013-14 | B10: 1 | C10: LUN 19.08.2013 | D10: =RIGHT(C10,10) -> 19.08.2013 | E10: 0.91666667 | F10: UD AlmerÃ­a | G10: Villarreal CF | H10: 46083 | I10: =IF(ISNUMBER(SEARCH("-",H10)),H10,"") | J10: =IF(I10="","",LEFT(I10,FIND("-",I10)-1)) | K10: =IF(I10="","",RIGHT(I10,LEN(I10)-FIND("-",I10))) | L10: =IF(I10="","",IF(J10>K10,F10,IF(K10>J10,G10,"Draw"))) | M10: =IF(COUNTIF($A$2:A10,A10)=1, VLOOKUP(A10,Season_Winners!A:B,2,FALSE), "")
A11: 2013-14 | B11: 1 | C11: LUN 19.08.2013 | D11: =RIGHT(C11,10) -> 19.08.2013 | E11: 0.91666667 | F11: RC Celta | G11: RCD Espanyol de Barcelona | H11: 46055 | I11: =IF(ISNUMBER(SEARCH("-",H11)),H11,"") | J11: =IF(I11="","",LEFT(I11,FIND("-",I11)-1)) | K11: =IF(I11="","",RIGHT(I11,LEN(I11)-FIND("-",I11))) | L11: =IF(I11="","",IF(J11>K11,F11,IF(K11>J11,G11,"Draw"))) | M11: =IF(COUNTIF($A$2:A11,A11)=1, VLOOKUP(A11,Season_Winners!A:B,2,FALSE), "")
A12: 2013-14 | B12: 2 | C12: VIE 23.08.2013 | D12: =RIGHT(C12,10) -> 23.08.2013 | E12: 0.83333333 | F12: Getafe CF | G12: UD AlmerÃ­a | H12: 46055 | I12: =IF(ISNUMBER(SEARCH("-",H12)),H12,"") | J12: =IF(I12="","",LEFT(I12,FIND("-",I12)-1)) | K12: =IF(I12="","",RIGHT(I12,LEN(I12)-FIND("-",I12))) | L12: =IF(I12="","",IF(J12>K12,F12,IF(K12>J12,G12,"Draw"))) | M12: =IF(COUNTIF($A$2:A12,A12)=1, VLOOKUP(A12,Season_Winners!A:B,2,FALSE), "")
A13: 2013-14 | B13: 2 | C13: VIE 23.08.2013 | D13: =RIGHT(C13,10) -> 23.08.2013 | E13: 0.91666667 | F13: Athletic Club | G13: CA Osasuna | H13: 2-0 | I13: =IF(ISNUMBER(SEARCH("-",H13)),H13,"") -> 2-0 | J13: =IF(I13="","",LEFT(I13,FIND("-",I13)-1)) -> 2 | K13: =IF(I13="","",RIGHT(I13,LEN(I13)-FIND("-",I13))) -> 0 | L13: =IF(I13="","",IF(J13>K13,F13,IF(K13>J13,G13,"Draw"))) -> Athletic Club | M13: =IF(COUNTIF($A$2:A13,A13)=1, VLOOKUP(A13,Season_Winners!A:B,2,FALSE), "")
A14: 2013-14 | B14: 2 | C14: SAB 24.08.2013 | D14: =RIGHT(C14,10) -> 24.08.2013 | E14: 0.79166667 | F14: Elche CF | G14: Real Sociedad | H14: 46023 | I14: =IF(ISNUMBER(SEARCH("-",H14)),H14,"") | J14: =IF(I14="","",LEFT(I14,FIND("-",I14)-1)) | K14: =IF(I14="","",RIGHT(I14,LEN(I14)-FIND("-",I14))) | L14: =IF(I14="","",IF(J14>K14,F14,IF(K14>J14,G14,"Draw"))) | M14: =IF(COUNTIF($A$2:A14,A14)=1, VLOOKUP(A14,Season_Winners!A:B,2,FALSE), "")
A15: 2013-14 | B15: 2 | C15: SAB 24.08.2013 | D15: =RIGHT(C15,10) -> 24.08.2013 | E15: 0.875 | F15: RCD Espanyol de Barcelona | G15: Valencia CF | H15: 46025 | I15: =IF(ISNUMBER(SEARCH("-",H15)),H15,"") | J15: =IF(I15="","",LEFT(I15,FIND("-",I15)-1)) | K15: =IF(I15="","",RIGHT(I15,LEN(I15)-FIND("-",I15))) | L15: =IF(I15="","",IF(J15>K15,F15,IF(K15>J15,G15,"Draw"))) | M15: =IF(COUNTIF($A$2:A15,A15)=1, VLOOKUP(A15,Season_Winners!A:B,2,FALSE), "")
A16: 2013-14 | B16: 2 | C16: SAB 24.08.2013 | D16: =RIGHT(C16,10) -> 24.08.2013 | E16: 0.95833333 | F16: Villarreal CF | G16: Real Valladolid CF | H16: 46024 | I16: =IF(ISNUMBER(SEARCH("-",H16)),H16,"") | J16: =IF(I16="","",LEFT(I16,FIND("-",I16)-1)) | K16: =IF(I16="","",RIGHT(I16,LEN(I16)-FIND("-",I16))) | L16: =IF(I16="","",IF(J16>K16,F16,IF(K16>J16,G16,"Draw"))) | M16: =IF(COUNTIF($A$2:A16,A16)=1, VLOOKUP(A16,Season_Winners!A:B,2,FALSE), "")
A17: 2013-14 | B17: 2 | C17: DOM 25.08.2013 | D17: =RIGHT(C17,10) -> 25.08.2013 | E17: 0.79166667 | F17: Atlético de Madrid | G17: Rayo Vallecano | H17: 5-0 | I17: =IF(ISNUMBER(SEARCH("-",H17)),H17,"") -> 5-0 | J17: =IF(I17="","",LEFT(I17,FIND("-",I17)-1)) -> 5 | K17: =IF(I17="","",RIGHT(I17,LEN(I17)-FIND("-",I17))) -> 0 | L17: =IF(I17="","",IF(J17>K17,F17,IF(K17>J17,G17,"Draw"))) -> Atlético de Madrid | M17: =IF(COUNTIF($A$2:A17,A17)=1, VLOOKUP(A17,Season_Winners!A:B,2,FALSE), "")
A18: 2013-14 | B18: 2 | C18: DOM 25.08.2013 | D18: =RIGHT(C18,10) -> 25.08.2013 | E18: 0.875 | F18: Levante UD | G18: Sevilla FC | H18: 0-0 | I18: =IF(ISNUMBER(SEARCH("-",H18)),H18,"") -> 0-0 | J18: =IF(I18="","",LEFT(I18,FIND("-",I18)-1)) -> 0 | K18: =IF(I18="","",RIGHT(I18,LEN(I18)-FIND("-",I18))) -> 0 | L18: =IF(I18="","",IF(J18>K18,F18,IF(K18>J18,G18,"Draw"))) -> Draw | M18: =IF(COUNTIF($A$2:A18,A18)=1, VLOOKUP(A18,Season_Winners!A:B,2,FALSE), "")
A19: 2013-14 | B19: 2 | C19: DOM 25.08.2013 | D19: =RIGHT(C19,10) -> 25.08.2013 | E19: 0.875 | F19: MÃ¡laga CF | G19: FC Barcelona | H19: 0-1 | I19: =IF(ISNUMBER(SEARCH("-",H19)),H19,"") -> 0-1 | J19: =IF(I19="","",LEFT(I19,FIND("-",I19)-1)) -> 0 | K19: =IF(I19="","",RIGHT(I19,LEN(I19)-FIND("-",I19))) -> 1 | L19: =IF(I19="","",IF(J19>K19,F19,IF(K19>J19,G19,"Draw"))) -> FC Barcelona | M19: =IF(COUNTIF($A$2:A19,A19)=1, VLOOKUP(A19,Season_Winners!A:B,2,FALSE), "")
A20: 2013-14 | B20: 2 | C20: DOM 25.08.2013 | D20: =RIGHT(C20,10) -> 25.08.2013 | E20: 0.95833333 | F20: Real Betis | G20: RC Celta | H20: 46054 | I20: =IF(ISNUMBER(SEARCH("-",H20)),H20,"") | J20: =IF(I20="","",LEFT(I20,FIND("-",I20)-1)) | K20: =IF(I20="","",RIGHT(I20,LEN(I20)-FIND("-",I20))) | L20: =IF(I20="","",IF(J20>K20,F20,IF(K20>J20,G20,"Draw"))) | M20: =IF(COUNTIF($A$2:A20,A20)=1, VLOOKUP(A20,Season_Winners!A:B,2,FALSE), "")
A21: 2013-14 | B21: 2 | C21: LUN 26.08.2013 | D21: =RIGHT(C21,10) -> 26.08.2013 | E21: 0.875 | F21: Granada CF | G21: Real Madrid | H21: 0-1 | I21: =IF(ISNUMBER(SEARCH("-",H21)),H21,"") -> 0-1 | J21: =IF(I21="","",LEFT(I21,FIND("-",I21)-1)) -> 0 | K21: =IF(I21="","",RIGHT(I21,LEN(I21)-FIND("-",I21))) -> 1 | L21: =IF(I21="","",IF(J21>K21,F21,IF(K21>J21,G21,"Draw"))) -> Real Madrid | M21: =IF(COUNTIF($A$2:A21,A21)=1, VLOOKUP(A21,Season_Winners!A:B,2,FALSE), "")
A22: 2013-14 | B22: 3 | C22: VIE 30.08.2013 | D22: =RIGHT(C22,10) -> 30.08.2013 | E22: 0.95833333 | F22: UD AlmerÃ­a | G22: Elche CF | H22: 46055 | I22: =IF(ISNUMBER(SEARCH("-",H22)),H22,"") | J22: =IF(I22="","",LEFT(I22,FIND("-",I22)-1)) | K22: =IF(I22="","",RIGHT(I22,LEN(I22)-FIND("-",I22))) | L22: =IF(I22="","",IF(J22>K22,F22,IF(K22>J22,G22,"Draw"))) | M22: =IF(COUNTIF($A$2:A22,A22)=1, VLOOKUP(A22,Season_Winners!A:B,2,FALSE), "")
A23: 2013-14 | B23: 3 | C23: VIE 30.08.2013 | D23: =RIGHT(C23,10) -> 30.08.2013 | E23: 0.95833333 | F23: Rayo Vallecano | G23: Levante UD | H23: 46054 | I23: =IF(ISNUMBER(SEARCH("-",H23)),H23,"") | J23: =IF(I23="","",LEFT(I23,FIND("-",I23)-1)) | K23: =IF(I23="","",RIGHT(I23,LEN(I23)-FIND("-",I23))) | L23: =IF(I23="","",IF(J23>K23,F23,IF(K23>J23,G23,"Draw"))) | M23: =IF(COUNTIF($A$2:A23,A23)=1, VLOOKUP(A23,Season_Winners!A:B,2,FALSE), "")
A24: 2013-14 | B24: 3 | C24: SAB 31.08.2013 | D24: =RIGHT(C24,10) -> 31.08.2013 | E24: 0.79166667 | F24: RC Celta | G24: Granada CF | H24: 46023 | I24: =IF(ISNUMBER(SEARCH("-",H24)),H24,"") | J24: =IF(I24="","",LEFT(I24,FIND("-",I24)-1)) | K24: =IF(I24="","",RIGHT(I24,LEN(I24)-FIND("-",I24))) | L24: =IF(I24="","",IF(J24>K24,F24,IF(K24>J24,G24,"Draw"))) | M24: =IF(COUNTIF($A$2:A24,A24)=1, VLOOKUP(A24,Season_Winners!A:B,2,FALSE), "")
A25: 2013-14 | B25: 3 | C25: SAB 31.08.2013 | D25: =RIGHT(C25,10) -> 31.08.2013 | E25: 0.875 | F25: Real Valladolid CF | G25: Getafe CF | H25: 1-0 | I25: =IF(ISNUMBER(SEARCH("-",H25)),H25,"") -> 1-0 | J25: =IF(I25="","",LEFT(I25,FIND("-",I25)-1)) -> 1 | K25: =IF(I25="","",RIGHT(I25,LEN(I25)-FIND("-",I25))) -> 0 | L25: =IF(I25="","",IF(J25>K25,F25,IF(K25>J25,G25,"Draw"))) -> Real Valladolid CF | M25: =IF(COUNTIF($A$2:A25,A25)=1, VLOOKUP(A25,Season_Winners!A:B,2,FALSE), "")
A26: 2013-14 | B26: 3 | C26: SAB 31.08.2013 | D26: =RIGHT(C26,10) -> 31.08.2013 | E26: 0.95833333 | F26: CA Osasuna | G26: Villarreal CF | H26: 0-3 | I26: =IF(ISNUMBER(SEARCH("-",H26)),H26,"") -> 0-3 | J26: =IF(I26="","",LEFT(I26,FIND("-",I26)-1)) -> 0 | K26: =IF(I26="","",RIGHT(I26,LEN(I26)-FIND("-",I26))) -> 3 | L26: =IF(I26="","",IF(J26>K26,F26,IF(K26>J26,G26,"Draw"))) -> Villarreal CF | M26: =IF(COUNTIF($A$2:A26,A26)=1, VLOOKUP(A26,Season_Winners!A:B,2,FALSE), "")
A27: 2013-14 | B27: 3 | C27: DOM 01.09.2013 | D27: =RIGHT(C27,10) -> 01.09.2013 | E27: 0.5 | F27: Real Madrid | G27: Athletic Club | H27: 46025 | I27: =IF(ISNUMBER(SEARCH("-",H27)),H27,"") | J27: =IF(I27="","",LEFT(I27,FIND("-",I27)-1)) | K27: =IF(I27="","",RIGHT(I27,LEN(I27)-FIND("-",I27))) | L27: =IF(I27="","",IF(J27>K27,F27,IF(K27>J27,G27,"Draw"))) | M27: =IF(COUNTIF($A$2:A27,A27)=1, VLOOKUP(A27,Season_Winners!A:B,2,FALSE), "")
A28: 2013-14 | B28: 3 | C28: DOM 01.09.2013 | D28: =RIGHT(C28,10) -> 01.09.2013 | E28: 0.70833333 | F28: RCD Espanyol de Barcelona | G28: Real Betis | H28: 0-0 | I28: =IF(ISNUMBER(SEARCH("-",H28)),H28,"") -> 0-0 | J28: =IF(I28="","",LEFT(I28,FIND("-",I28)-1)) -> 0 | K28: =IF(I28="","",RIGHT(I28,LEN(I28)-FIND("-",I28))) -> 0 | L28: =IF(I28="","",IF(J28>K28,F28,IF(K28>J28,G28,"Draw"))) -> Draw | M28: =IF(COUNTIF($A$2:A28,A28)=1, VLOOKUP(A28,Season_Winners!A:B,2,FALSE), "")
A29: 2013-14 | B29: 3 | C29: DOM 01.09.2013 | D29: =RIGHT(C29,10) -> 01.09.2013 | E29: 0.79166667 | F29: Real Sociedad | G29: AtlÃ©tico de Madrid | H29: 46054 | I29: =IF(ISNUMBER(SEARCH("-",H29)),H29,"") | J29: =IF(I29="","",LEFT(I29,FIND("-",I29)-1)) | K29: =IF(I29="","",RIGHT(I29,LEN(I29)-FIND("-",I29))) | L29: =IF(I29="","",IF(J29>K29,F29,IF(K29>J29,G29,"Draw"))) | M29: =IF(COUNTIF($A$2:A29,A29)=1, VLOOKUP(A29,Season_Winners!A:B,2,FALSE), "")
A30: 2013-14 | B30: 3 | C30: DOM 01.09.2013 | D30: =RIGHT(C30,10) -> 01.09.2013 | E30: 0.875 | F30: Sevilla FC | G30: MÃ¡laga CF | H30: 46055 | I30: =IF(ISNUMBER(SEARCH("-",H30)),H30,"") | J30: =IF(I30="","",LEFT(I30,FIND("-",I30)-1)) | K30: =IF(I30="","",RIGHT(I30,LEN(I30)-FIND("-",I30))) | L30: =IF(I30="","",IF(J30>K30,F30,IF(K30>J30,G30,"Draw"))) | M30: =IF(COUNTIF($A$2:A30,A30)=1, VLOOKUP(A30,Season_Winners!A:B,2,FALSE), "")
A31: 2013-14 | B31: 3 | C31: DOM 01.09.2013 | D31: =RIGHT(C31,10) -> 01.09.2013 | E31: 0.875 | F31: Valencia CF | G31: FC Barcelona | H31: 46083 | I31: =IF(ISNUMBER(SEARCH("-",H31)),H31,"") | J31: =IF(I31="","",LEFT(I31,FIND("-",I31)-1)) | K31: =IF(I31="","",RIGHT(I31,LEN(I31)-FIND("-",I31))) | L31: =IF(I31="","",IF(J31>K31,F31,IF(K31>J31,G31,"Draw"))) | M31: =IF(COUNTIF($A$2:A31,A31)=1, VLOOKUP(A31,Season_Winners!A:B,2,FALSE), "")
A32: 2013-14 | B32: 4 | C32: SAB 14.09.2013 | D32: =RIGHT(C32,10) -> 14.09.2013 | E32: 0.66666667 | F32: AtlÃ©tico de Madrid | G32: UD AlmerÃ­a | H32: 46057 | I32: =IF(ISNUMBER(SEARCH("-",H32)),H32,"") | J32: =IF(I32="","",LEFT(I32,FIND("-",I32)-1)) | K32: =IF(I32="","",RIGHT(I32,LEN(I32)-FIND("-",I32))) | L32: =IF(I32="","",IF(J32>K32,F32,IF(K32>J32,G32,"Draw"))) | M32: =IF(COUNTIF($A$2:A32,A32)=1, VLOOKUP(A32,Season_Winners!A:B,2,FALSE), "")
A33: 2013-14 | B33: 4 | C33: SAB 14.09.2013 | D33: =RIGHT(C33,10) -> 14.09.2013 | E33: 0.75 | F33: Levante UD | G33: Real Sociedad | H33: 0-0 | I33: =IF(ISNUMBER(SEARCH("-",H33)),H33,"") -> 0-0 | J33: =IF(I33="","",LEFT(I33,FIND("-",I33)-1)) -> 0 | K33: =IF(I33="","",RIGHT(I33,LEN(I33)-FIND("-",I33))) -> 0 | L33: =IF(I33="","",IF(J33>K33,F33,IF(K33>J33,G33,"Draw"))) -> Draw | M33: =IF(COUNTIF($A$2:A33,A33)=1, VLOOKUP(A33,Season_Winners!A:B,2,FALSE), "")
A34: 2013-14 | B34: 4 | C34: SAB 14.09.2013 | D34: =RIGHT(C34,10) -> 14.09.2013 | E34: 0.83333333 | F34: FC Barcelona | G34: Sevilla FC | H34: 46056 | I34: =IF(ISNUMBER(SEARCH("-",H34)),H34,"") | J34: =IF(I34="","",LEFT(I34,FIND("-",I34)-1)) | K34: =IF(I34="","",RIGHT(I34,LEN(I34)-FIND("-",I34))) | L34: =IF(I34="","",IF(J34>K34,F34,IF(K34>J34,G34,"Draw"))) | M34: =IF(COUNTIF($A$2:A34,A34)=1, VLOOKUP(A34,Season_Winners!A:B,2,FALSE), "")
A35: 2013-14 | B35: 4 | C35: SAB 14.09.2013 | D35: =RIGHT(C35,10) -> 14.09.2013 | E35: 0.91666667 | F35: Villarreal CF | G35: Real Madrid | H35: 46055 | I35: =IF(ISNUMBER(SEARCH("-",H35)),H35,"") | J35: =IF(I35="","",LEFT(I35,FIND("-",I35)-1)) | K35: =IF(I35="","",RIGHT(I35,LEN(I35)-FIND("-",I35))) | L35: =IF(I35="","",IF(J35>K35,F35,IF(K35>J35,G35,"Draw"))) | M35: =IF(COUNTIF($A$2:A35,A35)=1, VLOOKUP(A35,Season_Winners!A:B,2,FALSE), "")
A36: 2013-14 | B36: 4 | C36: DOM 15.09.2013 | D36: =RIGHT(C36,10) -> 15.09.2013 | E36: 0.5 | F36: Granada CF | G36: RCD Espanyol de Barcelona | H36: 0-1 | I36: =IF(ISNUMBER(SEARCH("-",H36)),H36,"") -> 0-1 | J36: =IF(I36="","",LEFT(I36,FIND("-",I36)-1)) -> 0 | K36: =IF(I36="","",RIGHT(I36,LEN(I36)-FIND("-",I36))) -> 1 | L36: =IF(I36="","",IF(J36>K36,F36,IF(K36>J36,G36,"Draw"))) -> RCD Espanyol de Barcelona | M36: =IF(COUNTIF($A$2:A36,A36)=1, VLOOKUP(A36,Season_Winners!A:B,2,FALSE), "")
A37: 2013-14 | B37: 4 | C37: DOM 15.09.2013 | D37: =RIGHT(C37,10) -> 15.09.2013 | E37: 0.70833333 | F37: Getafe CF | G37: CA Osasuna | H37: 46024 | I37: =IF(ISNUMBER(SEARCH("-",H37)),H37,"") | J37: =IF(I37="","",LEFT(I37,FIND("-",I37)-1)) | K37: =IF(I37="","",RIGHT(I37,LEN(I37)-FIND("-",I37))) | L37: =IF(I37="","",IF(J37>K37,F37,IF(K37>J37,G37,"Draw"))) | M37: =IF(COUNTIF($A$2:A37,A37)=1, VLOOKUP(A37,Season_Winners!A:B,2,FALSE), "")
A38: 2013-14 | B38: 4 | C38: DOM 15.09.2013 | D38: =RIGHT(C38,10) -> 15.09.2013 | E38: 0.79166667 | F38: MÃ¡laga CF | G38: Rayo Vallecano | H38: 5-0 | I38: =IF(ISNUMBER(SEARCH("-",H38)),H38,"") -> 5-0 | J38: =IF(I38="","",LEFT(I38,FIND("-",I38)-1)) -> 5 | K38: =IF(I38="","",RIGHT(I38,LEN(I38)-FIND("-",I38))) -> 0 | L38: =IF(I38="","",IF(J38>K38,F38,IF(K38>J38,G38,"Draw"))) -> MÃ¡laga CF | M38: =IF(COUNTIF($A$2:A38,A38)=1, VLOOKUP(A38,Season_Winners!A:B,2,FALSE), "")
A39: 2013-14 | B39: 4 | C39: DOM 15.09.2013 | D39: =RIGHT(C39,10) -> 15.09.2013 | E39: 0.875 | F39: Real Betis | G39: Valencia CF | H39: 46025 | I39: =IF(ISNUMBER(SEARCH("-",H39)),H39,"") | J39: =IF(I39="","",LEFT(I39,FIND("-",I39)-1)) | K39: =IF(I39="","",RIGHT(I39,LEN(I39)-FIND("-",I39))) | L39: =IF(I39="","",IF(J39>K39,F39,IF(K39>J39,G39,"Draw"))) | M39: =IF(COUNTIF($A$2:A39,A39)=1, VLOOKUP(A39,Season_Winners!A:B,2,FALSE), "")
A40: 2013-14 | B40: 4 | C40: LUN 16.09.2013 | D40: =RIGHT(C40,10) -> 16.09.2013 | E40: 0.83333333 | F40: Elche CF | G40: Real Valladolid CF | H40: 0-0 | I40: =IF(ISNUMBER(SEARCH("-",H40)),H40,"") -> 0-0 | J40: =IF(I40="","",LEFT(I40,FIND("-",I40)-1)) -> 0 | K40: =IF(I40="","",RIGHT(I40,LEN(I40)-FIND("-",I40))) -> 0 | L40: =IF(I40="","",IF(J40>K40,F40,IF(K40>J40,G40,"Draw"))) -> Draw | M40: =IF(COUNTIF($A$2:A40,A40)=1, VLOOKUP(A40,Season_Winners!A:B,2,FALSE), "")
A41: 2013-14 | B41: 4 | C41: LUN 16.09.2013 | D41: =RIGHT(C41,10) -> 16.09.2013 | E41: 0.91666667 | F41: Athletic Club | G41: RC Celta | H41: 46056 | I41: =IF(ISNUMBER(SEARCH("-",H41)),H41,"") | J41: =IF(I41="","",LEFT(I41,FIND("-",I41)-1)) | K41: =IF(I41="","",RIGHT(I41,LEN(I41)-FIND("-",I41))) | L41: =IF(I41="","",IF(J41>K41,F41,IF(K41>J41,G41,"Draw"))) | M41: =IF(COUNTIF($A$2:A41,A41)=1, VLOOKUP(A41,Season_Winners!A:B,2,FALSE), "")
A42: 2013-14 | B42: 5 | C42: VIE 20.09.2013 | D42: =RIGHT(C42,10) -> 20.09.2013 | E42: 0.875 | F42: CA Osasuna | G42: Elche CF | H42: 46024 | I42: =IF(ISNUMBER(SEARCH("-",H42)),H42,"") | J42: =IF(I42="","",LEFT(I42,FIND("-",I42)-1)) | K42: =IF(I42="","",RIGHT(I42,LEN(I42)-FIND("-",I42))) | L42: =IF(I42="","",IF(J42>K42,F42,IF(K42>J42,G42,"Draw"))) | M42: =IF(COUNTIF($A$2:A42,A42)=1, VLOOKUP(A42,Season_Winners!A:B,2,FALSE), "")
A43: 2013-14 | B43: 5 | C43: SAB 21.09.2013 | D43: =RIGHT(C43,10) -> 21.09.2013 | E43: 0.66666667 | F43: Real Sociedad | G43: MÃ¡laga CF | H43: 0-0 | I43: =IF(ISNUMBER(SEARCH("-",H43)),H43,"") -> 0-0 | J43: =IF(I43="","",LEFT(I43,FIND("-",I43)-1)) -> 0 | K43: =IF(I43="","",RIGHT(I43,LEN(I43)-FIND("-",I43))) -> 0 | L43: =IF(I43="","",IF(J43>K43,F43,IF(K43>J43,G43,"Draw"))) -> Draw | M43: =IF(COUNTIF($A$2:A43,A43)=1, VLOOKUP(A43,Season_Winners!A:B,2,FALSE), "")
A44: 2013-14 | B44: 5 | C44: SAB 21.09.2013 | D44: =RIGHT(C44,10) -> 21.09.2013 | E44: 0.75 | F44: UD AlmerÃ­a | G44: Levante UD | H44: 46055 | I44: =IF(ISNUMBER(SEARCH("-",H44)),H44,"") | J44: =IF(I44="","",LEFT(I44,FIND("-",I44)-1)) | K44: =IF(I44="","",RIGHT(I44,LEN(I44)-FIND("-",I44))) | L44: =IF(I44="","",IF(J44>K44,F44,IF(K44>J44,G44,"Draw"))) | M44: =IF(COUNTIF($A$2:A44,A44)=1, VLOOKUP(A44,Season_Winners!A:B,2,FALSE), "")
A45: 2013-14 | B45: 5 | C45: SAB 21.09.2013 | D45: =RIGHT(C45,10) -> 21.09.2013 | E45: 0.83333333 | F45: Rayo Vallecano | G45: FC Barcelona | H45: 0-4 | I45: =IF(ISNUMBER(SEARCH("-",H45)),H45,"") -> 0-4 | J45: =IF(I45="","",LEFT(I45,FIND("-",I45)-1)) -> 0 | K45: =IF(I45="","",RIGHT(I45,LEN(I45)-FIND("-",I45))) -> 4 | L45: =IF(I45="","",IF(J45>K45,F45,IF(K45>J45,G45,"Draw"))) -> FC Barcelona | M45: =IF(COUNTIF($A$2:A45,A45)=1, VLOOKUP(A45,Season_Winners!A:B,2,FALSE), "")
A46: 2013-14 | B46: 5 | C46: SAB 21.09.2013 | D46: =RIGHT(C46,10) -> 21.09.2013 | E46: 0.91666667 | F46: Real Valladolid CF | G46: Atlético de Madrid | H46: 0-2 | I46: =IF(ISNUMBER(SEARCH("-",H46)),H46,"") -> 0-2 | J46: =IF(I46="","",LEFT(I46,FIND("-",I46)-1)) -> 0 | K46: =IF(I46="","",RIGHT(I46,LEN(I46)-FIND("-",I46))) -> 2 | L46: =IF(I46="","",IF(J46>K46,F46,IF(K46>J46,G46,"Draw"))) -> Atlético de Madrid | M46: =IF(COUNTIF($A$2:A46,A46)=1, VLOOKUP(A46,Season_Winners!A:B,2,FALSE), "")
A47: 2013-14 | B47: 5 | C47: DOM 22.09.2013 | D47: =RIGHT(C47,10) -> 22.09.2013 | E47: 0.5 | F47: Real Betis | G47: Granada CF | H47: 0-0 | I47: =IF(ISNUMBER(SEARCH("-",H47)),H47,"") -> 0-0 | J47: =IF(I47="","",LEFT(I47,FIND("-",I47)-1)) -> 0 | K47: =IF(I47="","",RIGHT(I47,LEN(I47)-FIND("-",I47))) -> 0 | L47: =IF(I47="","",IF(J47>K47,F47,IF(K47>J47,G47,"Draw"))) -> Draw | M47: =IF(COUNTIF($A$2:A47,A47)=1, VLOOKUP(A47,Season_Winners!A:B,2,FALSE), "")
A48: 2013-14 | B48: 5 | C48: DOM 22.09.2013 | D48: =RIGHT(C48,10) -> 22.09.2013 | E48: 0.70833333 | F48: RC Celta | G48: Villarreal CF | H48: 0-0 | I48: =IF(ISNUMBER(SEARCH("-",H48)),H48,"") -> 0-0 | J48: =IF(I48="","",LEFT(I48,FIND("-",I48)-1)) -> 0 | K48: =IF(I48="","",RIGHT(I48,LEN(I48)-FIND("-",I48))) -> 0 | L48: =IF(I48="","",IF(J48>K48,F48,IF(K48>J48,G48,"Draw"))) -> Draw | M48: =IF(COUNTIF($A$2:A48,A48)=1, VLOOKUP(A48,Season_Winners!A:B,2,FALSE), "")
A49: 2013-14 | B49: 5 | C49: DOM 22.09.2013 | D49: =RIGHT(C49,10) -> 22.09.2013 | E49: 0.79166667 | F49: Real Madrid | G49: Getafe CF | H49: 46026 | I49: =IF(ISNUMBER(SEARCH("-",H49)),H49,"") | J49: =IF(I49="","",LEFT(I49,FIND("-",I49)-1)) | K49: =IF(I49="","",RIGHT(I49,LEN(I49)-FIND("-",I49))) | L49: =IF(I49="","",IF(J49>K49,F49,IF(K49>J49,G49,"Draw"))) | M49: =IF(COUNTIF($A$2:A49,A49)=1, VLOOKUP(A49,Season_Winners!A:B,2,FALSE), "")
A50: 2013-14 | B50: 5 | C50: DOM 22.09.2013 | D50: =RIGHT(C50,10) -> 22.09.2013 | E50: 0.875 | F50: Valencia CF | G50: Sevilla FC | H50: 46025 | I50: =IF(ISNUMBER(SEARCH("-",H50)),H50,"") | J50: =IF(I50="","",LEFT(I50,FIND("-",I50)-1)) | K50: =IF(I50="","",RIGHT(I50,LEN(I50)-FIND("-",I50))) | L50: =IF(I50="","",IF(J50>K50,F50,IF(K50>J50,G50,"Draw"))) | M50: =IF(COUNTIF($A$2:A50,A50)=1, VLOOKUP(A50,Season_Winners!A:B,2,FALSE), "")
A51: 2013-14 | B51: 5 | C51: LUN 23.09.2013 | D51: =RIGHT(C51,10) -> 23.09.2013 | E51: 0.91666667 | F51: RCD Espanyol de Barcelona | G51: Athletic Club | H51: 46056 | I51: =IF(ISNUMBER(SEARCH("-",H51)),H51,"") | J51: =IF(I51="","",LEFT(I51,FIND("-",I51)-1)) | K51: =IF(I51="","",RIGHT(I51,LEN(I51)-FIND("-",I51))) | L51: =IF(I51="","",IF(J51>K51,F51,IF(K51>J51,G51,"Draw"))) | M51: =IF(COUNTIF($A$2:A51,A51)=1, VLOOKUP(A51,Season_Winners!A:B,2,FALSE), "")
A52: 2013-14 | B52: 6 | C52: MAR 24.09.2013 | D52: =RIGHT(C52,10) -> 24.09.2013 | E52: 0.83333333 | F52: FC Barcelona | G52: Real Sociedad | H52: 46026 | I52: =IF(ISNUMBER(SEARCH("-",H52)),H52,"") | J52: =IF(I52="","",LEFT(I52,FIND("-",I52)-1)) | K52: =IF(I52="","",RIGHT(I52,LEN(I52)-FIND("-",I52))) | L52: =IF(I52="","",IF(J52>K52,F52,IF(K52>J52,G52,"Draw"))) | M52: =IF(COUNTIF($A$2:A52,A52)=1, VLOOKUP(A52,Season_Winners!A:B,2,FALSE), "")
A53: 2013-14 | B53: 6 | C53: MAR 24.09.2013 | D53: =RIGHT(C53,10) -> 24.09.2013 | E53: 0.83333333 | F53: Levante UD | G53: Real Valladolid CF | H53: 46023 | I53: =IF(ISNUMBER(SEARCH("-",H53)),H53,"") | J53: =IF(I53="","",LEFT(I53,FIND("-",I53)-1)) | K53: =IF(I53="","",RIGHT(I53,LEN(I53)-FIND("-",I53))) | L53: =IF(I53="","",IF(J53>K53,F53,IF(K53>J53,G53,"Draw"))) | M53: =IF(COUNTIF($A$2:A53,A53)=1, VLOOKUP(A53,Season_Winners!A:B,2,FALSE), "")
A54: 2013-14 | B54: 6 | C54: MAR 24.09.2013 | D54: =RIGHT(C54,10) -> 24.09.2013 | E54: 0.91666667 | F54: AtlÃ©tico de Madrid | G54: CA Osasuna | H54: 46024 | I54: =IF(ISNUMBER(SEARCH("-",H54)),H54,"") | J54: =IF(I54="","",LEFT(I54,FIND("-",I54)-1)) | K54: =IF(I54="","",RIGHT(I54,LEN(I54)-FIND("-",I54))) | L54: =IF(I54="","",IF(J54>K54,F54,IF(K54>J54,G54,"Draw"))) | M54: =IF(COUNTIF($A$2:A54,A54)=1, VLOOKUP(A54,Season_Winners!A:B,2,FALSE), "")
A55: 2013-14 | B55: 6 | C55: MAR 24.09.2013 | D55: =RIGHT(C55,10) -> 24.09.2013 | E55: 0.91666667 | F55: MÃ¡laga CF | G55: UD AlmerÃ­a | H55: 2-0 | I55: =IF(ISNUMBER(SEARCH("-",H55)),H55,"") -> 2-0 | J55: =IF(I55="","",LEFT(I55,FIND("-",I55)-1)) -> 2 | K55: =IF(I55="","",RIGHT(I55,LEN(I55)-FIND("-",I55))) -> 0 | L55: =IF(I55="","",IF(J55>K55,F55,IF(K55>J55,G55,"Draw"))) -> MÃ¡laga CF | M55: =IF(COUNTIF($A$2:A55,A55)=1, VLOOKUP(A55,Season_Winners!A:B,2,FALSE), "")
A56: 2013-14 | B56: 6 | C56: MIE 25.09.2013 | D56: =RIGHT(C56,10) -> 25.09.2013 | E56: 0.83333333 | F56: Granada CF | G56: Valencia CF | H56: 0-1 | I56: =IF(ISNUMBER(SEARCH("-",H56)),H56,"") -> 0-1 | J56: =IF(I56="","",LEFT(I56,FIND("-",I56)-1)) -> 0 | K56: =IF(I56="","",RIGHT(I56,LEN(I56)-FIND("-",I56))) -> 1 | L56: =IF(I56="","",IF(J56>K56,F56,IF(K56>J56,G56,"Draw"))) -> Valencia CF | M56: =IF(COUNTIF($A$2:A56,A56)=1, VLOOKUP(A56,Season_Winners!A:B,2,FALSE), "")
A57: 2013-14 | B57: 6 | C57: MIE 25.09.2013 | D57: =RIGHT(C57,10) -> 25.09.2013 | E57: 0.83333333 | F57: Sevilla FC | G57: Rayo Vallecano | H57: 46026 | I57: =IF(ISNUMBER(SEARCH("-",H57)),H57,"") | J57: =IF(I57="","",LEFT(I57,FIND("-",I57)-1)) | K57: =IF(I57="","",RIGHT(I57,LEN(I57)-FIND("-",I57))) | L57: =IF(I57="","",IF(J57>K57,F57,IF(K57>J57,G57,"Draw"))) | M57: =IF(COUNTIF($A$2:A57,A57)=1, VLOOKUP(A57,Season_Winners!A:B,2,FALSE), "")
A58: 2013-14 | B58: 6 | C58: MIE 25.09.2013 | D58: =RIGHT(C58,10) -> 25.09.2013 | E58: 0.91666667 | F58: Elche CF | G58: Real Madrid | H58: 46054 | I58: =IF(ISNUMBER(SEARCH("-",H58)),H58,"") | J58: =IF(I58="","",LEFT(I58,FIND("-",I58)-1)) | K58: =IF(I58="","",RIGHT(I58,LEN(I58)-FIND("-",I58))) | L58: =IF(I58="","",IF(J58>K58,F58,IF(K58>J58,G58,"Draw"))) | M58: =IF(COUNTIF($A$2:A58,A58)=1, VLOOKUP(A58,Season_Winners!A:B,2,FALSE), "")
A59: 2013-14 | B59: 6 | C59: JUE 26.09.2013 | D59: =RIGHT(C59,10) -> 26.09.2013 | E59: 0.83333333 | F59: Athletic Club | G59: Real Betis | H59: 46024 | I59: =IF(ISNUMBER(SEARCH("-",H59)),H59,"") | J59: =IF(I59="","",LEFT(I59,FIND("-",I59)-1)) | K59: =IF(I59="","",RIGHT(I59,LEN(I59)-FIND("-",I59))) | L59: =IF(I59="","",IF(J59>K59,F59,IF(K59>J59,G59,"Draw"))) | M59: =IF(COUNTIF($A$2:A59,A59)=1, VLOOKUP(A59,Season_Winners!A:B,2,FALSE), "")
A60: 2013-14 | B60: 6 | C60: JUE 26.09.2013 | D60: =RIGHT(C60,10) -> 26.09.2013 | E60: 0.91666667 | F60: Getafe CF | G60: RC Celta | H60: 2-0 | I60: =IF(ISNUMBER(SEARCH("-",H60)),H60,"") -> 2-0 | J60: =IF(I60="","",LEFT(I60,FIND("-",I60)-1)) -> 2 | K60: =IF(I60="","",RIGHT(I60,LEN(I60)-FIND("-",I60))) -> 0 | L60: =IF(I60="","",IF(J60>K60,F60,IF(K60>J60,G60,"Draw"))) -> Getafe CF | M60: =IF(COUNTIF($A$2:A60,A60)=1, VLOOKUP(A60,Season_Winners!A:B,2,FALSE), "")
A61: 2013-14 | B61: 6 | C61: JUE 26.09.2013 | D61: =RIGHT(C61,10) -> 26.09.2013 | E61: 0.91666667 | F61: Villarreal CF | G61: RCD Espanyol de Barcelona | H61: 46024 | I61: =IF(ISNUMBER(SEARCH("-",H61)),H61,"") | J61: =IF(I61="","",LEFT(I61,FIND("-",I61)-1)) | K61: =IF(I61="","",RIGHT(I61,LEN(I61)-FIND("-",I61))) | L61: =IF(I61="","",IF(J61>K61,F61,IF(K61>J61,G61,"Draw"))) | M61: =IF(COUNTIF($A$2:A61,A61)=1, VLOOKUP(A61,Season_Winners!A:B,2,FALSE), "")
A62: 2013-14 | B62: 7 | C62: VIE 27.09.2013 | D62: =RIGHT(C62,10) -> 27.09.2013 | E62: 0.875 | F62: Real Valladolid CF | G62: MÃ¡laga CF | H62: 46055 | I62: =IF(ISNUMBER(SEARCH("-",H62)),H62,"") | J62: =IF(I62="","",LEFT(I62,FIND("-",I62)-1)) | K62: =IF(I62="","",RIGHT(I62,LEN(I62)-FIND("-",I62))) | L62: =IF(I62="","",IF(J62>K62,F62,IF(K62>J62,G62,"Draw"))) | M62: =IF(COUNTIF($A$2:A62,A62)=1, VLOOKUP(A62,Season_Winners!A:B,2,FALSE), "")
A63: 2013-14 | B63: 7 | C63: SAB 28.09.2013 | D63: =RIGHT(C63,10) -> 28.09.2013 | E63: 0.66666667 | F63: Valencia CF | G63: Rayo Vallecano | H63: 1-0 | I63: =IF(ISNUMBER(SEARCH("-",H63)),H63,"") -> 1-0 | J63: =IF(I63="","",LEFT(I63,FIND("-",I63)-1)) -> 1 | K63: =IF(I63="","",RIGHT(I63,LEN(I63)-FIND("-",I63))) -> 0 | L63: =IF(I63="","",IF(J63>K63,F63,IF(K63>J63,G63,"Draw"))) -> Valencia CF | M63: =IF(COUNTIF($A$2:A63,A63)=1, VLOOKUP(A63,Season_Winners!A:B,2,FALSE), "")
A64: 2013-14 | B64: 7 | C64: SAB 28.09.2013 | D64: =RIGHT(C64,10) -> 28.09.2013 | E64: 0.75 | F64: UD AlmerÃ­a | G64: FC Barcelona | H64: 0-2 | I64: =IF(ISNUMBER(SEARCH("-",H64)),H64,"") -> 0-2 | J64: =IF(I64="","",LEFT(I64,FIND("-",I64)-1)) -> 0 | K64: =IF(I64="","",RIGHT(I64,LEN(I64)-FIND("-",I64))) -> 2 | L64: =IF(I64="","",IF(J64>K64,F64,IF(K64>J64,G64,"Draw"))) -> FC Barcelona | M64: =IF(COUNTIF($A$2:A64,A64)=1, VLOOKUP(A64,Season_Winners!A:B,2,FALSE), "")
A65: 2013-14 | B65: 7 | C65: SAB 28.09.2013 | D65: =RIGHT(C65,10) -> 28.09.2013 | E65: 0.83333333 | F65: Real Sociedad | G65: Sevilla FC | H65: 46023 | I65: =IF(ISNUMBER(SEARCH("-",H65)),H65,"") | J65: =IF(I65="","",LEFT(I65,FIND("-",I65)-1)) | K65: =IF(I65="","",RIGHT(I65,LEN(I65)-FIND("-",I65))) | L65: =IF(I65="","",IF(J65>K65,F65,IF(K65>J65,G65,"Draw"))) | M65: =IF(COUNTIF($A$2:A65,A65)=1, VLOOKUP(A65,Season_Winners!A:B,2,FALSE), "")
A66: 2013-14 | B66: 7 | C66: SAB 28.09.2013 | D66: =RIGHT(C66,10) -> 28.09.2013 | E66: 0.91666667 | F66: Real Madrid | G66: Atlético de Madrid | H66: 0-1 | I66: =IF(ISNUMBER(SEARCH("-",H66)),H66,"") -> 0-1 | J66: =IF(I66="","",LEFT(I66,FIND("-",I66)-1)) -> 0 | K66: =IF(I66="","",RIGHT(I66,LEN(I66)-FIND("-",I66))) -> 1 | L66: =IF(I66="","",IF(J66>K66,F66,IF(K66>J66,G66,"Draw"))) -> Atlético de Madrid | M66: =IF(COUNTIF($A$2:A66,A66)=1, VLOOKUP(A66,Season_Winners!A:B,2,FALSE), "")
A67: 2013-14 | B67: 7 | C67: DOM 29.09.2013 | D67: =RIGHT(C67,10) -> 29.09.2013 | E67: 0.5 | F67: CA Osasuna | G67: Levante UD | H67: 0-1 | I67: =IF(ISNUMBER(SEARCH("-",H67)),H67,"") -> 0-1 | J67: =IF(I67="","",LEFT(I67,FIND("-",I67)-1)) -> 0 | K67: =IF(I67="","",RIGHT(I67,LEN(I67)-FIND("-",I67))) -> 1 | L67: =IF(I67="","",IF(J67>K67,F67,IF(K67>J67,G67,"Draw"))) -> Levante UD | M67: =IF(COUNTIF($A$2:A67,A67)=1, VLOOKUP(A67,Season_Winners!A:B,2,FALSE), "")
A68: 2013-14 | B68: 7 | C68: DOM 29.09.2013 | D68: =RIGHT(C68,10) -> 29.09.2013 | E68: 0.70833333 | F68: RC Celta | G68: Elche CF | H68: 0-1 | I68: =IF(ISNUMBER(SEARCH("-",H68)),H68,"") -> 0-1 | J68: =IF(I68="","",LEFT(I68,FIND("-",I68)-1)) -> 0 | K68: =IF(I68="","",RIGHT(I68,LEN(I68)-FIND("-",I68))) -> 1 | L68: =IF(I68="","",IF(J68>K68,F68,IF(K68>J68,G68,"Draw"))) -> Elche CF | M68: =IF(COUNTIF($A$2:A68,A68)=1, VLOOKUP(A68,Season_Winners!A:B,2,FALSE), "")
A69: 2013-14 | B69: 7 | C69: DOM 29.09.2013 | D69: =RIGHT(C69,10) -> 29.09.2013 | E69: 0.79166667 | F69: RCD Espanyol de Barcelona | G69: Getafe CF | H69: 0-2 | I69: =IF(ISNUMBER(SEARCH("-",H69)),H69,"") -> 0-2 | J69: =IF(I69="","",LEFT(I69,FIND("-",I69)-1)) -> 0 | K69: =IF(I69="","",RIGHT(I69,LEN(I69)-FIND("-",I69))) -> 2 | L69: =IF(I69="","",IF(J69>K69,F69,IF(K69>J69,G69,"Draw"))) -> Getafe CF | M69: =IF(COUNTIF($A$2:A69,A69)=1, VLOOKUP(A69,Season_Winners!A:B,2,FALSE), "")
A70: 2013-14 | B70: 7 | C70: DOM 29.09.2013 | D70: =RIGHT(C70,10) -> 29.09.2013 | E70: 0.875 | F70: Real Betis | G70: Villarreal CF | H70: 1-0 | I70: =IF(ISNUMBER(SEARCH("-",H70)),H70,"") -> 1-0 | J70: =IF(I70="","",LEFT(I70,FIND("-",I70)-1)) -> 1 | K70: =IF(I70="","",RIGHT(I70,LEN(I70)-FIND("-",I70))) -> 0 | L70: =IF(I70="","",IF(J70>K70,F70,IF(K70>J70,G70,"Draw"))) -> Real Betis | M70: =IF(COUNTIF($A$2:A70,A70)=1, VLOOKUP(A70,Season_Winners!A:B,2,FALSE), "")
A71: 2013-14 | B71: 7 | C71: LUN 30.09.2013 | D71: =RIGHT(C71,10) -> 30.09.2013 | E71: 0.91666667 | F71: Granada CF | G71: Athletic Club | H71: 2-0 | I71: =IF(ISNUMBER(SEARCH("-",H71)),H71,"") -> 2-0 | J71: =IF(I71="","",LEFT(I71,FIND("-",I71)-1)) -> 2 | K71: =IF(I71="","",RIGHT(I71,LEN(I71)-FIND("-",I71))) -> 0 | L71: =IF(I71="","",IF(J71>K71,F71,IF(K71>J71,G71,"Draw"))) -> Granada CF | M71: =IF(COUNTIF($A$2:A71,A71)=1, VLOOKUP(A71,Season_Winners!A:B,2,FALSE), "")
A72: 2013-14 | B72: 8 | C72: VIE 04.10.2013 | D72: =RIGHT(C72,10) -> 04.10.2013 | E72: 0.83333333 | F72: Villarreal CF | G72: Granada CF | H72: 3-0 | I72: =IF(ISNUMBER(SEARCH("-",H72)),H72,"") -> 3-0 | J72: =IF(I72="","",LEFT(I72,FIND("-",I72)-1)) -> 3 | K72: =IF(I72="","",RIGHT(I72,LEN(I72)-FIND("-",I72))) -> 0 | L72: =IF(I72="","",IF(J72>K72,F72,IF(K72>J72,G72,"Draw"))) -> Villarreal CF | M72: =IF(COUNTIF($A$2:A72,A72)=1, VLOOKUP(A72,Season_Winners!A:B,2,FALSE), "")
A73: 2013-14 | B73: 8 | C73: VIE 04.10.2013 | D73: =RIGHT(C73,10) -> 04.10.2013 | E73: 0.91666667 | F73: MÃ¡laga CF | G73: CA Osasuna | H73: 0-1 | I73: =IF(ISNUMBER(SEARCH("-",H73)),H73,"") -> 0-1 | J73: =IF(I73="","",LEFT(I73,FIND("-",I73)-1)) -> 0 | K73: =IF(I73="","",RIGHT(I73,LEN(I73)-FIND("-",I73))) -> 1 | L73: =IF(I73="","",IF(J73>K73,F73,IF(K73>J73,G73,"Draw"))) -> CA Osasuna | M73: =IF(COUNTIF($A$2:A73,A73)=1, VLOOKUP(A73,Season_Winners!A:B,2,FALSE), "")
A74: 2013-14 | B74: 8 | C74: SAB 05.10.2013 | D74: =RIGHT(C74,10) -> 05.10.2013 | E74: 0.66666667 | F74: Elche CF | G74: RCD Espanyol de Barcelona | H74: 46024 | I74: =IF(ISNUMBER(SEARCH("-",H74)),H74,"") | J74: =IF(I74="","",LEFT(I74,FIND("-",I74)-1)) | K74: =IF(I74="","",RIGHT(I74,LEN(I74)-FIND("-",I74))) | L74: =IF(I74="","",IF(J74>K74,F74,IF(K74>J74,G74,"Draw"))) | M74: =IF(COUNTIF($A$2:A74,A74)=1, VLOOKUP(A74,Season_Winners!A:B,2,FALSE), "")
A75: 2013-14 | B75: 8 | C75: SAB 05.10.2013 | D75: =RIGHT(C75,10) -> 05.10.2013 | E75: 0.75 | F75: Rayo Vallecano | G75: Real Sociedad | H75: 1-0 | I75: =IF(ISNUMBER(SEARCH("-",H75)),H75,"") -> 1-0 | J75: =IF(I75="","",LEFT(I75,FIND("-",I75)-1)) -> 1 | K75: =IF(I75="","",RIGHT(I75,LEN(I75)-FIND("-",I75))) -> 0 | L75: =IF(I75="","",IF(J75>K75,F75,IF(K75>J75,G75,"Draw"))) -> Rayo Vallecano | M75: =IF(COUNTIF($A$2:A75,A75)=1, VLOOKUP(A75,Season_Winners!A:B,2,FALSE), "")
A76: 2013-14 | B76: 8 | C76: SAB 05.10.2013 | D76: =RIGHT(C76,10) -> 05.10.2013 | E76: 0.83333333 | F76: Levante UD | G76: Real Madrid | H76: 46083 | I76: =IF(ISNUMBER(SEARCH("-",H76)),H76,"") | J76: =IF(I76="","",LEFT(I76,FIND("-",I76)-1)) | K76: =IF(I76="","",RIGHT(I76,LEN(I76)-FIND("-",I76))) | L76: =IF(I76="","",IF(J76>K76,F76,IF(K76>J76,G76,"Draw"))) | M76: =IF(COUNTIF($A$2:A76,A76)=1, VLOOKUP(A76,Season_Winners!A:B,2,FALSE), "")
A77: 2013-14 | B77: 8 | C77: SAB 05.10.2013 | D77: =RIGHT(C77,10) -> 05.10.2013 | E77: 0.91666667 | F77: FC Barcelona | G77: Real Valladolid CF | H77: 46026 | I77: =IF(ISNUMBER(SEARCH("-",H77)),H77,"") | J77: =IF(I77="","",LEFT(I77,FIND("-",I77)-1)) | K77: =IF(I77="","",RIGHT(I77,LEN(I77)-FIND("-",I77))) | L77: =IF(I77="","",IF(J77>K77,F77,IF(K77>J77,G77,"Draw"))) | M77: =IF(COUNTIF($A$2:A77,A77)=1, VLOOKUP(A77,Season_Winners!A:B,2,FALSE), "")
A78: 2013-14 | B78: 8 | C78: DOM 06.10.2013 | D78: =RIGHT(C78,10) -> 06.10.2013 | E78: 0.5 | F78: AtlÃ©tico de Madrid | G78: RC Celta | H78: 46024 | I78: =IF(ISNUMBER(SEARCH("-",H78)),H78,"") | J78: =IF(I78="","",LEFT(I78,FIND("-",I78)-1)) | K78: =IF(I78="","",RIGHT(I78,LEN(I78)-FIND("-",I78))) | L78: =IF(I78="","",IF(J78>K78,F78,IF(K78>J78,G78,"Draw"))) | M78: =IF(COUNTIF($A$2:A78,A78)=1, VLOOKUP(A78,Season_Winners!A:B,2,FALSE), "")
A79: 2013-14 | B79: 8 | C79: DOM 06.10.2013 | D79: =RIGHT(C79,10) -> 06.10.2013 | E79: 0.70833333 | F79: Sevilla FC | G79: UD AlmerÃ­a | H79: 46024 | I79: =IF(ISNUMBER(SEARCH("-",H79)),H79,"") | J79: =IF(I79="","",LEFT(I79,FIND("-",I79)-1)) | K79: =IF(I79="","",RIGHT(I79,LEN(I79)-FIND("-",I79))) | L79: =IF(I79="","",IF(J79>K79,F79,IF(K79>J79,G79,"Draw"))) | M79: =IF(COUNTIF($A$2:A79,A79)=1, VLOOKUP(A79,Season_Winners!A:B,2,FALSE), "")
A80: 2013-14 | B80: 8 | C80: DOM 06.10.2013 | D80: =RIGHT(C80,10) -> 06.10.2013 | E80: 0.79166667 | F80: Getafe CF | G80: Real Betis | H80: 46025 | I80: =IF(ISNUMBER(SEARCH("-",H80)),H80,"") | J80: =IF(I80="","",LEFT(I80,FIND("-",I80)-1)) | K80: =IF(I80="","",RIGHT(I80,LEN(I80)-FIND("-",I80))) | L80: =IF(I80="","",IF(J80>K80,F80,IF(K80>J80,G80,"Draw"))) | M80: =IF(COUNTIF($A$2:A80,A80)=1, VLOOKUP(A80,Season_Winners!A:B,2,FALSE), "")
A81: 2013-14 | B81: 8 | C81: DOM 06.10.2013 | D81: =RIGHT(C81,10) -> 06.10.2013 | E81: 0.875 | F81: Athletic Club | G81: Valencia CF | H81: 46023 | I81: =IF(ISNUMBER(SEARCH("-",H81)),H81,"") | J81: =IF(I81="","",LEFT(I81,FIND("-",I81)-1)) | K81: =IF(I81="","",RIGHT(I81,LEN(I81)-FIND("-",I81))) | L81: =IF(I81="","",IF(J81>K81,F81,IF(K81>J81,G81,"Draw"))) | M81: =IF(COUNTIF($A$2:A81,A81)=1, VLOOKUP(A81,Season_Winners!A:B,2,FALSE), "")
A82: 2013-14 | B82: 9 | C82: SAB 19.10.2013 | D82: =RIGHT(C82,10) -> 19.10.2013 | E82: 0.66666667 | F82: Real Madrid | G82: MÃ¡laga CF | H82: 2-0 | I82: =IF(ISNUMBER(SEARCH("-",H82)),H82,"") -> 2-0 | J82: =IF(I82="","",LEFT(I82,FIND("-",I82)-1)) -> 2 | K82: =IF(I82="","",RIGHT(I82,LEN(I82)-FIND("-",I82))) -> 0 | L82: =IF(I82="","",IF(J82>K82,F82,IF(K82>J82,G82,"Draw"))) -> Real Madrid | M82: =IF(COUNTIF($A$2:A82,A82)=1, VLOOKUP(A82,Season_Winners!A:B,2,FALSE), "")
A83: 2013-14 | B83: 9 | C83: SAB 19.10.2013 | D83: =RIGHT(C83,10) -> 19.10.2013 | E83: 0.75 | F83: Valencia CF | G83: Real Sociedad | H83: 46054 | I83: =IF(ISNUMBER(SEARCH("-",H83)),H83,"") | J83: =IF(I83="","",LEFT(I83,FIND("-",I83)-1)) | K83: =IF(I83="","",RIGHT(I83,LEN(I83)-FIND("-",I83))) | L83: =IF(I83="","",IF(J83>K83,F83,IF(K83>J83,G83,"Draw"))) | M83: =IF(COUNTIF($A$2:A83,A83)=1, VLOOKUP(A83,Season_Winners!A:B,2,FALSE), "")
A84: 2013-14 | B84: 9 | C84: SAB 19.10.2013 | D84: =RIGHT(C84,10) -> 19.10.2013 | E84: 0.83333333 | F84: CA Osasuna | G84: FC Barcelona | H84: 0-0 | I84: =IF(ISNUMBER(SEARCH("-",H84)),H84,"") -> 0-0 | J84: =IF(I84="","",LEFT(I84,FIND("-",I84)-1)) -> 0 | K84: =IF(I84="","",RIGHT(I84,LEN(I84)-FIND("-",I84))) -> 0 | L84: =IF(I84="","",IF(J84>K84,F84,IF(K84>J84,G84,"Draw"))) -> Draw | M84: =IF(COUNTIF($A$2:A84,A84)=1, VLOOKUP(A84,Season_Winners!A:B,2,FALSE), "")
A85: 2013-14 | B85: 9 | C85: SAB 19.10.2013 | D85: =RIGHT(C85,10) -> 19.10.2013 | E85: 0.91666667 | F85: RCD Espanyol de Barcelona | G85: Atlético de Madrid | H85: 1-0 | I85: =IF(ISNUMBER(SEARCH("-",H85)),H85,"") -> 1-0 | J85: =IF(I85="","",LEFT(I85,FIND("-",I85)-1)) -> 1 | K85: =IF(I85="","",RIGHT(I85,LEN(I85)-FIND("-",I85))) -> 0 | L85: =IF(I85="","",IF(J85>K85,F85,IF(K85>J85,G85,"Draw"))) -> RCD Espanyol de Barcelona | M85: =IF(COUNTIF($A$2:A85,A85)=1, VLOOKUP(A85,Season_Winners!A:B,2,FALSE), "")
A86: 2013-14 | B86: 9 | C86: DOM 20.10.2013 | D86: =RIGHT(C86,10) -> 20.10.2013 | E86: 0.5 | F86: Granada CF | G86: Getafe CF | H86: 0-2 | I86: =IF(ISNUMBER(SEARCH("-",H86)),H86,"") -> 0-2 | J86: =IF(I86="","",LEFT(I86,FIND("-",I86)-1)) -> 0 | K86: =IF(I86="","",RIGHT(I86,LEN(I86)-FIND("-",I86))) -> 2 | L86: =IF(I86="","",IF(J86>K86,F86,IF(K86>J86,G86,"Draw"))) -> Getafe CF | M86: =IF(COUNTIF($A$2:A86,A86)=1, VLOOKUP(A86,Season_Winners!A:B,2,FALSE), "")
A87: 2013-14 | B87: 9 | C87: DOM 20.10.2013 | D87: =RIGHT(C87,10) -> 20.10.2013 | E87: 0.70833333 | F87: UD AlmerÃ­a | G87: Rayo Vallecano | H87: 0-1 | I87: =IF(ISNUMBER(SEARCH("-",H87)),H87,"") -> 0-1 | J87: =IF(I87="","",LEFT(I87,FIND("-",I87)-1)) -> 0 | K87: =IF(I87="","",RIGHT(I87,LEN(I87)-FIND("-",I87))) -> 1 | L87: =IF(I87="","",IF(J87>K87,F87,IF(K87>J87,G87,"Draw"))) -> Rayo Vallecano | M87: =IF(COUNTIF($A$2:A87,A87)=1, VLOOKUP(A87,Season_Winners!A:B,2,FALSE), "")
A88: 2013-14 | B88: 9 | C88: DOM 20.10.2013 | D88: =RIGHT(C88,10) -> 20.10.2013 | E88: 0.79166667 | F88: Real Betis | G88: Elche CF | H88: 46054 | I88: =IF(ISNUMBER(SEARCH("-",H88)),H88,"") | J88: =IF(I88="","",LEFT(I88,FIND("-",I88)-1)) | K88: =IF(I88="","",RIGHT(I88,LEN(I88)-FIND("-",I88))) | L88: =IF(I88="","",IF(J88>K88,F88,IF(K88>J88,G88,"Draw"))) | M88: =IF(COUNTIF($A$2:A88,A88)=1, VLOOKUP(A88,Season_Winners!A:B,2,FALSE), "")
A89: 2013-14 | B89: 9 | C89: DOM 20.10.2013 | D89: =RIGHT(C89,10) -> 20.10.2013 | E89: 0.875 | F89: Real Valladolid CF | G89: Sevilla FC | H89: 46055 | I89: =IF(ISNUMBER(SEARCH("-",H89)),H89,"") | J89: =IF(I89="","",LEFT(I89,FIND("-",I89)-1)) | K89: =IF(I89="","",RIGHT(I89,LEN(I89)-FIND("-",I89))) | L89: =IF(I89="","",IF(J89>K89,F89,IF(K89>J89,G89,"Draw"))) | M89: =IF(COUNTIF($A$2:A89,A89)=1, VLOOKUP(A89,Season_Winners!A:B,2,FALSE), "")
A90: 2013-14 | B90: 9 | C90: LUN 21.10.2013 | D90: =RIGHT(C90,10) -> 21.10.2013 | E90: 0.83333333 | F90: RC Celta | G90: Levante UD | H90: 0-1 | I90: =IF(ISNUMBER(SEARCH("-",H90)),H90,"") -> 0-1 | J90: =IF(I90="","",LEFT(I90,FIND("-",I90)-1)) -> 0 | K90: =IF(I90="","",RIGHT(I90,LEN(I90)-FIND("-",I90))) -> 1 | L90: =IF(I90="","",IF(J90>K90,F90,IF(K90>J90,G90,"Draw"))) -> Levante UD | M90: =IF(COUNTIF($A$2:A90,A90)=1, VLOOKUP(A90,Season_Winners!A:B,2,FALSE), "")
A91: 2013-14 | B91: 9 | C91: LUN 21.10.2013 | D91: =RIGHT(C91,10) -> 21.10.2013 | E91: 0.91666667 | F91: Athletic Club | G91: Villarreal CF | H91: 2-0 | I91: =IF(ISNUMBER(SEARCH("-",H91)),H91,"") -> 2-0 | J91: =IF(I91="","",LEFT(I91,FIND("-",I91)-1)) -> 2 | K91: =IF(I91="","",RIGHT(I91,LEN(I91)-FIND("-",I91))) -> 0 | L91: =IF(I91="","",IF(J91>K91,F91,IF(K91>J91,G91,"Draw"))) -> Athletic Club | M91: =IF(COUNTIF($A$2:A91,A91)=1, VLOOKUP(A91,Season_Winners!A:B,2,FALSE), "")
A92: 2013-14 | B92: 10 | C92: VIE 25.10.2013 | D92: =RIGHT(C92,10) -> 25.10.2013 | E92: 0.875 | F92: Rayo Vallecano | G92: Real Valladolid CF | H92: 0-3 | I92: =IF(ISNUMBER(SEARCH("-",H92)),H92,"") -> 0-3 | J92: =IF(I92="","",LEFT(I92,FIND("-",I92)-1)) -> 0 | K92: =IF(I92="","",RIGHT(I92,LEN(I92)-FIND("-",I92))) -> 3 | L92: =IF(I92="","",IF(J92>K92,F92,IF(K92>J92,G92,"Draw"))) -> Real Valladolid CF | M92: =IF(COUNTIF($A$2:A92,A92)=1, VLOOKUP(A92,Season_Winners!A:B,2,FALSE), "")
A93: 2013-14 | B93: 10 | C93: SAB 26.10.2013 | D93: =RIGHT(C93,10) -> 26.10.2013 | E93: 0.66666667 | F93: MÃ¡laga CF | G93: RC Celta | H93: 0-5 | I93: =IF(ISNUMBER(SEARCH("-",H93)),H93,"") -> 0-5 | J93: =IF(I93="","",LEFT(I93,FIND("-",I93)-1)) -> 0 | K93: =IF(I93="","",RIGHT(I93,LEN(I93)-FIND("-",I93))) -> 5 | L93: =IF(I93="","",IF(J93>K93,F93,IF(K93>J93,G93,"Draw"))) -> RC Celta | M93: =IF(COUNTIF($A$2:A93,A93)=1, VLOOKUP(A93,Season_Winners!A:B,2,FALSE), "")
A94: 2013-14 | B94: 10 | C94: SAB 26.10.2013 | D94: =RIGHT(C94,10) -> 26.10.2013 | E94: 0.75 | F94: FC Barcelona | G94: Real Madrid | H94: 46024 | I94: =IF(ISNUMBER(SEARCH("-",H94)),H94,"") | J94: =IF(I94="","",LEFT(I94,FIND("-",I94)-1)) | K94: =IF(I94="","",RIGHT(I94,LEN(I94)-FIND("-",I94))) | L94: =IF(I94="","",IF(J94>K94,F94,IF(K94>J94,G94,"Draw"))) | M94: =IF(COUNTIF($A$2:A94,A94)=1, VLOOKUP(A94,Season_Winners!A:B,2,FALSE), "")
A95: 2013-14 | B95: 10 | C95: SAB 26.10.2013 | D95: =RIGHT(C95,10) -> 26.10.2013 | E95: 0.83333333 | F95: Elche CF | G95: Granada CF | H95: 0-1 | I95: =IF(ISNUMBER(SEARCH("-",H95)),H95,"") -> 0-1 | J95: =IF(I95="","",LEFT(I95,FIND("-",I95)-1)) -> 0 | K95: =IF(I95="","",RIGHT(I95,LEN(I95)-FIND("-",I95))) -> 1 | L95: =IF(I95="","",IF(J95>K95,F95,IF(K95>J95,G95,"Draw"))) -> Granada CF | M95: =IF(COUNTIF($A$2:A95,A95)=1, VLOOKUP(A95,Season_Winners!A:B,2,FALSE), "")
A96: 2013-14 | B96: 10 | C96: SAB 26.10.2013 | D96: =RIGHT(C96,10) -> 26.10.2013 | E96: 0.91666667 | F96: Levante UD | G96: RCD Espanyol de Barcelona | H96: 3-0 | I96: =IF(ISNUMBER(SEARCH("-",H96)),H96,"") -> 3-0 | J96: =IF(I96="","",LEFT(I96,FIND("-",I96)-1)) -> 3 | K96: =IF(I96="","",RIGHT(I96,LEN(I96)-FIND("-",I96))) -> 0 | L96: =IF(I96="","",IF(J96>K96,F96,IF(K96>J96,G96,"Draw"))) -> Levante UD | M96: =IF(COUNTIF($A$2:A96,A96)=1, VLOOKUP(A96,Season_Winners!A:B,2,FALSE), "")
A97: 2013-14 | B97: 10 | C97: DOM 27.10.2013 | D97: =RIGHT(C97,10) -> 27.10.2013 | E97: 0.5 | F97: Sevilla FC | G97: CA Osasuna | H97: 46024 | I97: =IF(ISNUMBER(SEARCH("-",H97)),H97,"") | J97: =IF(I97="","",LEFT(I97,FIND("-",I97)-1)) | K97: =IF(I97="","",RIGHT(I97,LEN(I97)-FIND("-",I97))) | L97: =IF(I97="","",IF(J97>K97,F97,IF(K97>J97,G97,"Draw"))) | M97: =IF(COUNTIF($A$2:A97,A97)=1, VLOOKUP(A97,Season_Winners!A:B,2,FALSE), "")
A98: 2013-14 | B98: 10 | C98: DOM 27.10.2013 | D98: =RIGHT(C98,10) -> 27.10.2013 | E98: 0.70833333 | F98: Villarreal CF | G98: Valencia CF | H98: 46026 | I98: =IF(ISNUMBER(SEARCH("-",H98)),H98,"") | J98: =IF(I98="","",LEFT(I98,FIND("-",I98)-1)) | K98: =IF(I98="","",RIGHT(I98,LEN(I98)-FIND("-",I98))) | L98: =IF(I98="","",IF(J98>K98,F98,IF(K98>J98,G98,"Draw"))) | M98: =IF(COUNTIF($A$2:A98,A98)=1, VLOOKUP(A98,Season_Winners!A:B,2,FALSE), "")
A99: 2013-14 | B99: 10 | C99: DOM 27.10.2013 | D99: =RIGHT(C99,10) -> 27.10.2013 | E99: 0.79166667 | F99: Real Sociedad | G99: UD AlmerÃ­a | H99: 3-0 | I99: =IF(ISNUMBER(SEARCH("-",H99)),H99,"") -> 3-0 | J99: =IF(I99="","",LEFT(I99,FIND("-",I99)-1)) -> 3 | K99: =IF(I99="","",RIGHT(I99,LEN(I99)-FIND("-",I99))) -> 0 | L99: =IF(I99="","",IF(J99>K99,F99,IF(K99>J99,G99,"Draw"))) -> Real Sociedad | M99: =IF(COUNTIF($A$2:A99,A99)=1, VLOOKUP(A99,Season_Winners!A:B,2,FALSE), "")
A100: 2013-14 | B100: 10 | C100: DOM 27.10.2013 | D100: =RIGHT(C100,10) -> 27.10.2013 | E100: 0.875 | F100: Atlético de Madrid | G100: Real Betis | H100: 5-0 | I100: =IF(ISNUMBER(SEARCH("-",H100)),H100,"") -> 5-0 | J100: =IF(I100="","",LEFT(I100,FIND("-",I100)-1)) -> 5 | K100: =IF(I100="","",RIGHT(I100,LEN(I100)-FIND("-",I100))) -> 0 | L100: =IF(I100="","",IF(J100>K100,F100,IF(K100>J100,G100,"Draw"))) -> Atlético de Madrid | M100: =IF(COUNTIF($A$2:A100,A100)=1, VLOOKUP(A100,Season_Winners!A:B,2,FALSE), "")
...

Sheet Season_Winners
A1: Season | B1: League winner
A2: 2013-14 | B2: Atlético de Madrid
A3: 2014-15 | B3: FC Barcelona
A4: 2015-16 | B4: FC Barcelona
A5: 2016-17 | B5: Real Madrid
A6: 2017-18 | B6: FC Barcelona
A7: 2018-19 | B7: FC Barcelona
A8: 2019-20 | B8: Real Madrid
A9: 2020-21 | B9: Atlético de Madrid
A10: 2021-22 | B10: Real Madrid
A11: 2022-23 | B11: FC Barcelona
